Model,Accuracy,Precision,Recall,F1 Score,CV Score
Naive Bayes,0.7,0.6666666666666666,0.6630952380952381,0.6620370370370371,0.6599999999999999
Logistic Regression,0.7,0.6666666666666666,0.6630952380952381,0.6620370370370371,0.6599999999999999
SVM,0.45,0.5925925925925926,0.47380952380952374,0.44285714285714284,0.5700000000000001
